card	kind	file	profile	verdict	run_root
158	leaf	moser_certificate.ml	light	PASSED moser_certificate.ml: 26/26 bindings proved, 0 new axioms, eval 114.0s (light)	/home/bluestar/lanes/math-hol-cards/work/20261007T195855Z-a2c3f78/out/runs/158/moser_certificate
158	control	negctl_moser_certificate_shift280.ml	light	FAILED negctl_moser_certificate_shift280.ml at MOSER_REGION_UT (line 152): Exception: Failure "REAL_ARITH `s pow 2 = &3\n==> t pow 2 = &11\n==> &1732050807568 / &1000000000000 < s\n==> s < &1732050807569 / &1000000000000\n==> &3316624790355 / &1000000000000 < t\n==> t < &3316624790356 / &100...	/home/bluestar/lanes/math-hol-cards/work/20261007T195855Z-a2c3f78/out/runs/158/negctl_moser_certificate_shift280
049	leaf	stable_coordinate_049.ml	light	PASSED stable_coordinate_049.ml: 8/8 bindings proved, 0 new axioms, eval 2.7s (light)	/home/bluestar/lanes/math-hol-cards/work/20261007T195855Z-a2c3f78/out/runs/049/stable_coordinate_049
049	leaf	stable_coordinate_049_assembled.ml	light	PASSED stable_coordinate_049_assembled.ml: 30/30 bindings proved, 0 new axioms, eval 3.8s (light)	/home/bluestar/lanes/math-hol-cards/work/20261007T195855Z-a2c3f78/out/runs/049/stable_coordinate_049_assembled
049	control	negctl_stable_coordinate_049_wrong_f.ml	light	FAILED negctl_stable_coordinate_049_wrong_f.ml at SCA_F_IOTA (line 269): Exception: Failure "find".	/home/bluestar/lanes/math-hol-cards/work/20261007T195855Z-a2c3f78/out/runs/049/negctl_stable_coordinate_049_wrong_f
353	leaf	affine_box_353.ml	light	PASSED affine_box_353.ml: 4/4 bindings proved, 0 new axioms, eval 0.8s (light)	/home/bluestar/lanes/math-hol-cards/work/20261007T195855Z-a2c3f78/out/runs/353/affine_box_353
353	control	negctl_affine_box_353_corner_shifted.ml	light	FAILED negctl_affine_box_353_corner_shifted.ml at NEGCTL_AB353_CORNER_D_34_7 (line 8): Exception: Failure "TAC_PROOF: Unsolved goals".	/home/bluestar/lanes/math-hol-cards/work/20261007T195855Z-a2c3f78/out/runs/353/negctl_affine_box_353_corner_shifted
354-light	leaf	torus354_light.ml	light	PASSED torus354_light.ml: 4/4 bindings proved, 0 new axioms, eval 0.7s (light)	/home/bluestar/lanes/math-hol-cards/work/20261007T195855Z-a2c3f78/out/runs/354-light/torus354_light
354-light	control	negctl_torus354_light_4pi_over_80.ml	light	FAILED negctl_torus354_light_4pi_over_80.ml at NEGCTL_T354_BALL_TUBE_SWITCH_4PI_OVER_80 (line 15): Exception: Failure "REAL_ARITH `&0 < PI\n==> &0 < V\n==> &0 <= b\n==> &0 <= t\n==> b pow 3 = &36 * PI * V pow 2\n==> t pow 2 = &4 * PI * V\n==> &0 < &16 * PI pow 2 * V pow 3\n==> (&81 * V <= &4 * PI <=> V <= &4 * PI /...	/home/bluestar/lanes/math-hol-cards/work/20261007T195855Z-a2c3f78/out/runs/354-light/negctl_torus354_light_4pi_over_80
354-pi	leaf	torus354_pi.ml	heavy	PASSED torus354_pi.ml: 10/10 bindings proved, 0 new axioms, eval 2.7s (heavy)	/home/bluestar/lanes/math-hol-cards/work/20261007T195855Z-a2c3f78/out/runs/354-pi/torus354_pi
354-pi	control	negctl_torus354_4pi_over_80.ml	heavy	FAILED negctl_torus354_4pi_over_80.ml at NEGCTL_T354_PI_SWITCH_AT_4PI_OVER_80 (line 85): Exception: Failure "REAL_ARITH `&0 < V\n==> &0 < r\n==> &0 < s\n==> &4 / &3 * pi * r pow 3 = V\n==> pi * s pow 2 = V\n==> &31415 / &10000 < pi /\\ pi < &31416 / &10000\n==> (V <= &4 * pi / &81 <=> V <= &4 * pi / &80)`...	/home/bluestar/lanes/math-hol-cards/work/20261007T195855Z-a2c3f78/out/runs/354-pi/negctl_torus354_4pi_over_80
196	leaf	kaplansky196_bounds.ml	light	PASSED kaplansky196_bounds.ml: 1/1 bindings proved, 0 new axioms, eval 0.5s (light)	/home/bluestar/lanes/math-hol-cards/work/20261007T195855Z-a2c3f78/out/runs/196/kaplansky196_bounds
196	control	negctl_kaplansky196_below_99_100.ml	light	FAILED negctl_kaplansky196_below_99_100.ml at NEGCTL_K196_FIRST_BOUND_BELOW_99_100 (line 8): Exception: Failure "TAC_PROOF: Unsolved goals".	/home/bluestar/lanes/math-hol-cards/work/20261007T195855Z-a2c3f78/out/runs/196/negctl_kaplansky196_below_99_100
028	leaf	moat028_translation.ml	light	PASSED moat028_translation.ml: 1/1 bindings proved, 0 new axioms, eval 0.5s (light)	/home/bluestar/lanes/math-hol-cards/work/20261007T195855Z-a2c3f78/out/runs/028/moat028_translation
028	control	negctl_moat028_empty_set_allowed.ml	light	FAILED negctl_moat028_empty_set_allowed.ml at NEGCTL_M028_EMPTY_SET_ALLOWED (line 8): Exception: Failure "solve_goal: Too deep".	/home/bluestar/lanes/math-hol-cards/work/20261007T195855Z-a2c3f78/out/runs/028/negctl_moat028_empty_set_allowed
325	leaf	crouzeix325_two_xy.ml	light	PASSED crouzeix325_two_xy.ml: 1/1 bindings proved, 0 new axioms, eval 0.4s (light)	/home/bluestar/lanes/math-hol-cards/work/20261007T195855Z-a2c3f78/out/runs/325/crouzeix325_two_xy
325	control	negctl_crouzeix325_half.ml	light	FAILED negctl_crouzeix325_half.ml at NEGCTL_C325_TWO_XY_HALF (line 8): Exception: Failure "MATCH_MP_TAC: No match".	/home/bluestar/lanes/math-hol-cards/work/20261007T195855Z-a2c3f78/out/runs/325/negctl_crouzeix325_half
017	leaf	pi355_017.ml	heavy	PASSED pi355_017.ml: 8/8 bindings proved, 0 new axioms, eval 2.1s (heavy)	/home/bluestar/lanes/math-hol-cards/work/20261007T195855Z-a2c3f78/out/runs/017/pi355_017
017	control	negctl_pi355_017_gt25.ml	heavy	FAILED negctl_pi355_017_gt25.ml at NEGCTL_FLINT_HILLS_355_TERM_GT_25 (line 50): Exception: Failure "REAL_ARITH `s pow 2 < &22801 / &25000000000000 /\\\n&90601 / &100000000000000 < s pow 2 /\\\ns < -- &301 / &10000000 /\\\n-- &151 / &5000000 < s\n==> &0 < &44738875 * s pow 2 /\\ &44738875 * s pow ...	/home/bluestar/lanes/math-hol-cards/work/20261007T195855Z-a2c3f78/out/runs/017/negctl_pi355_017_gt25
188	leaf	triangle188.ml	heavy	PASSED triangle188.ml: 7/7 bindings proved, 0 new axioms, eval 2.1s (heavy)	/home/bluestar/lanes/math-hol-cards/work/20261007T195855Z-a2c3f78/out/runs/188/triangle188
188	control	negctl_triangle188_one_partner.ml	heavy	FAILED negctl_triangle188_one_partner.ml at NEGCTL_TR188_ONE_PARTNER_LAW (line 28): Exception: Failure "REAL_ARITH `~(q * inv q = &1) \\/\n(~(&0 < q) \\/ &0 = q) \\/\n--((&0 + &2 * D * &1) * inv (&2) * inv q) * inv q pow 2 = --D * inv q pow 2`: linear_ineqs: no contradiction".	/home/bluestar/lanes/math-hol-cards/work/20261007T195855Z-a2c3f78/out/runs/188/negctl_triangle188_one_partner
369	leaf	hotspots369_bessel.ml	heavy	PASSED hotspots369_bessel.ml: 16/16 bindings proved, 0 new axioms, eval 6.4s (heavy)	/home/bluestar/lanes/math-hol-cards/work/20261007T195855Z-a2c3f78/out/runs/369/hotspots369_bessel
369	leaf	hotspots369_bessel_root.ml	heavy	PASSED hotspots369_bessel_root.ml: 24/24 bindings proved, 0 new axioms, eval 8.6s (heavy)	/home/bluestar/lanes/math-hol-cards/work/20261007T195855Z-a2c3f78/out/runs/369/hotspots369_bessel_root
369	leaf	hotspots369_bessel_deriv.ml	heavy	PASSED hotspots369_bessel_deriv.ml: 27/27 bindings proved, 0 new axioms, eval 7.6s (heavy)	/home/bluestar/lanes/math-hol-cards/work/20261007T195855Z-a2c3f78/out/runs/369/hotspots369_bessel_deriv
369	control	negctl_hotspots369_pos_at_18412.ml	heavy	FAILED negctl_hotspots369_pos_at_18412.ml at NEGCTL_BESSEL_DJ1_POS_AT_18412 (line 255): Exception: Failure "TAC_PROOF: Unsolved goals".	/home/bluestar/lanes/math-hol-cards/work/20261007T195855Z-a2c3f78/out/runs/369/negctl_hotspots369_pos_at_18412
369	control	negctl_hotspots369_root_shifted.ml	heavy	FAILED negctl_hotspots369_root_shifted.ml at NEGCTL_BESSEL_DJ1_ROOT_SHIFTED (line 388): Exception: Failure "MATCH_MP_TAC: No match".	/home/bluestar/lanes/math-hol-cards/work/20261007T195855Z-a2c3f78/out/runs/369/negctl_hotspots369_root_shifted
369	control	negctl_hotspots369_deriv_is_j0.ml	heavy	FAILED negctl_hotspots369_deriv_is_j0.ml at NEGCTL_BESSEL_J1_TERM_DERIV_IS_J0 (line 347): Exception: Failure "REAL_ARITH `&1 *\n((x * inv (&2)) * &0 * inv (&1) * inv (&1) +\n (&1 * inv (&2)) * &1 * inv (&1) * inv (&1)) =\n&1 * &1 * inv (&1) * inv (&1)`: linear_ineqs: no contradiction".	/home/bluestar/lanes/math-hol-cards/work/20261007T195855Z-a2c3f78/out/runs/369/negctl_hotspots369_deriv_is_j0
150	leaf	billiards150_corner.ml	heavy	PASSED billiards150_corner.ml: 5/5 bindings proved, 0 new axioms, eval 1.9s (heavy)	/home/bluestar/lanes/math-hol-cards/work/20261007T195855Z-a2c3f78/out/runs/150/billiards150_corner
150	control	negctl_billiards150_at_most_3.ml	heavy	FAILED negctl_billiards150_at_most_3.ml at NEGCTL_T150_ONE_RADIAN_AT_MOST_3 (line 96): Exception: Failure "ARITH_RULE `CARD s < 5 ==> CARD s <= 3`: REAL_ARITH `~(&0 <= real_of_int _4092265 /\\\n real_of_int _4092265 + &1 <= &5 /\\\n &3 + &1 <= real_of_int _4092265)`: linear_ineqs: no contradiction".	/home/bluestar/lanes/math-hol-cards/work/20261007T195855Z-a2c3f78/out/runs/150/negctl_billiards150_at_most_3
