card	kind	file	attempt	phase	exit	wall	first_line	note
017	leaf	pi355_017.ml	1	phase1	0	1601s	COLD CHECK: reproduced pi355_017.ml: 0 new axioms; 8 bindings re-run (8 matched their quotations, 0 type-checked only); no spec lock	
354-pi	leaf	torus354_pi.ml	1	phase1	0	1601s	COLD CHECK: reproduced torus354_pi.ml: 0 new axioms; 10 bindings re-run (10 matched their quotations, 0 type-checked only); no spec lock	
354-pi	control	negctl_torus354_4pi_over_80.ml	1	phase1	0	1601s	COLD CHECK: negative control reproduced negctl_torus354_4pi_over_80.ml: NEGCTL_T354_PI_SWITCH_AT_4PI_OVER_80 failed cold, as it did warm; the 7 bindings before it re-ran (7 matched their quotations, 0 type-checked only); 0 new axioms, as recorded	
188	leaf	triangle188.ml	1	phase1	0	1480s	COLD CHECK: reproduced triangle188.ml: 0 new axioms; 7 bindings re-run (7 matched their quotations, 0 type-checked only); no spec lock	
017	control	negctl_pi355_017_gt25.ml	1	phase1	0	1485s	COLD CHECK: negative control reproduced negctl_pi355_017_gt25.ml: NEGCTL_FLINT_HILLS_355_TERM_GT_25 failed cold, as it did warm; the 5 bindings before it re-ran (5 matched their quotations, 0 type-checked only); 0 new axioms, as recorded	
188	control	negctl_triangle188_one_partner.ml	1	phase1	0	1508s	COLD CHECK: negative control reproduced negctl_triangle188_one_partner.ml: NEGCTL_TR188_ONE_PARTNER_LAW failed cold, as it did warm; the 2 bindings before it re-ran (2 matched their quotations, 0 type-checked only); 0 new axioms, as recorded	
369	leaf	hotspots369_bessel.ml	1	phase1	1	3292s	COLD CHECK: NOT reproduced hotspots369_bessel.ml: HOL exited 137 reason: HOL exited 137	HOL exited 137: killed for memory, with three heavy cold checks sharing a 12 GB VM; not a proof failure
369	leaf	hotspots369_bessel_root.ml	1	phase1	0	3823s	COLD CHECK: reproduced hotspots369_bessel_root.ml: 0 new axioms; 24 bindings re-run (24 matched their quotations, 0 type-checked only); no spec lock	
369	leaf	hotspots369_bessel_deriv.ml	1	phase1	0	3969s	COLD CHECK: reproduced hotspots369_bessel_deriv.ml: 0 new axioms; 27 bindings re-run (27 matched their quotations, 0 type-checked only); no spec lock	
369	control	negctl_hotspots369_pos_at_18412.ml	1	phase1	0	4537s	COLD CHECK: negative control reproduced negctl_hotspots369_pos_at_18412.ml: NEGCTL_BESSEL_DJ1_POS_AT_18412 failed cold, as it did warm; the 13 bindings before it re-ran (13 matched their quotations, 0 type-checked only); 0 new axioms, as recorded	
369	control	negctl_hotspots369_root_shifted.ml	1	phase1	0	4187s	COLD CHECK: negative control reproduced negctl_hotspots369_root_shifted.ml: NEGCTL_BESSEL_DJ1_ROOT_SHIFTED failed cold, as it did warm; the 22 bindings before it re-ran (22 matched their quotations, 0 type-checked only); 0 new axioms, as recorded	
158	leaf	moser_certificate.ml	1	light	0	397s	COLD CHECK: reproduced moser_certificate.ml: 0 new axioms; 26 bindings re-run (26 matched their quotations, 0 type-checked only); no spec lock	
158	control	negctl_moser_certificate_shift280.ml	1	light	0	418s	COLD CHECK: negative control reproduced negctl_moser_certificate_shift280.ml: MOSER_REGION_UT failed cold, as it did warm; the 12 bindings before it re-ran (12 matched their quotations, 0 type-checked only); 0 new axioms, as recorded	
049	leaf	stable_coordinate_049.ml	1	light	0	189s	COLD CHECK: reproduced stable_coordinate_049.ml: 0 new axioms; 8 bindings re-run (8 matched their quotations, 0 type-checked only); no spec lock	
049	leaf	stable_coordinate_049_assembled.ml	1	light	0	196s	COLD CHECK: reproduced stable_coordinate_049_assembled.ml: 0 new axioms; 30 bindings re-run (30 matched their quotations, 0 type-checked only); no spec lock	
049	control	negctl_stable_coordinate_049_wrong_f.ml	1	light	0	286s	COLD CHECK: negative control reproduced negctl_stable_coordinate_049_wrong_f.ml: SCA_F_IOTA failed cold, as it did warm; the 23 bindings before it re-ran (23 matched their quotations, 0 type-checked only); 0 new axioms, as recorded	
353	leaf	affine_box_353.ml	1	light	0	213s	COLD CHECK: reproduced affine_box_353.ml: 0 new axioms; 4 bindings re-run (4 matched their quotations, 0 type-checked only); no spec lock	
353	control	negctl_affine_box_353_corner_shifted.ml	1	light	0	182s	COLD CHECK: negative control reproduced negctl_affine_box_353_corner_shifted.ml: NEGCTL_AB353_CORNER_D_34_7 failed cold, as it did warm; the 0 bindings before it re-ran (0 matched their quotations, 0 type-checked only); 0 new axioms, as recorded	
354-light	leaf	torus354_light.ml	1	light	0	146s	COLD CHECK: reproduced torus354_light.ml: 0 new axioms; 4 bindings re-run (4 matched their quotations, 0 type-checked only); no spec lock	
354-light	control	negctl_torus354_light_4pi_over_80.ml	1	light	0	153s	COLD CHECK: negative control reproduced negctl_torus354_light_4pi_over_80.ml: NEGCTL_T354_BALL_TUBE_SWITCH_4PI_OVER_80 failed cold, as it did warm; the 1 bindings before it re-ran (1 matched their quotations, 0 type-checked only); 0 new axioms, as recorded	
196	leaf	kaplansky196_bounds.ml	1	light	0	140s	COLD CHECK: reproduced kaplansky196_bounds.ml: 0 new axioms; 1 bindings re-run (1 matched their quotations, 0 type-checked only); no spec lock	
196	control	negctl_kaplansky196_below_99_100.ml	1	light	0	138s	COLD CHECK: negative control reproduced negctl_kaplansky196_below_99_100.ml: NEGCTL_K196_FIRST_BOUND_BELOW_99_100 failed cold, as it did warm; the 0 bindings before it re-ran (0 matched their quotations, 0 type-checked only); 0 new axioms, as recorded	
028	leaf	moat028_translation.ml	1	light	0	135s	COLD CHECK: reproduced moat028_translation.ml: 0 new axioms; 1 bindings re-run (1 matched their quotations, 0 type-checked only); no spec lock	
028	control	negctl_moat028_empty_set_allowed.ml	1	light	0	142s	COLD CHECK: negative control reproduced negctl_moat028_empty_set_allowed.ml: NEGCTL_M028_EMPTY_SET_ALLOWED failed cold, as it did warm; the 0 bindings before it re-ran (0 matched their quotations, 0 type-checked only); 0 new axioms, as recorded	
325	leaf	crouzeix325_two_xy.ml	1	light	0	134s	COLD CHECK: reproduced crouzeix325_two_xy.ml: 0 new axioms; 1 bindings re-run (1 matched their quotations, 0 type-checked only); no spec lock	
325	control	negctl_crouzeix325_half.ml	1	light	0	134s	COLD CHECK: negative control reproduced negctl_crouzeix325_half.ml: NEGCTL_C325_TWO_XY_HALF failed cold, as it did warm; the 0 bindings before it re-ran (0 matched their quotations, 0 type-checked only); 0 new axioms, as recorded	
150	leaf	billiards150_corner.ml	1	phase2	0	2915s	COLD CHECK: reproduced billiards150_corner.ml: 0 new axioms; 5 bindings re-run (5 matched their quotations, 0 type-checked only); no spec lock	
369	leaf	hotspots369_bessel.ml	2	phase2	0	2918s	COLD CHECK: reproduced hotspots369_bessel.ml: 0 new axioms; 16 bindings re-run (16 matched their quotations, 0 type-checked only); no spec lock	
150	control	negctl_billiards150_at_most_3.ml	1	phase2	0	1596s	COLD CHECK: negative control reproduced negctl_billiards150_at_most_3.ml: NEGCTL_T150_ONE_RADIAN_AT_MOST_3 failed cold, as it did warm; the 3 bindings before it re-ran (3 matched their quotations, 0 type-checked only); 0 new axioms, as recorded	
369	control	negctl_hotspots369_deriv_is_j0.ml	1	phase2	0	1634s	COLD CHECK: negative control reproduced negctl_hotspots369_deriv_is_j0.ml: NEGCTL_BESSEL_J1_TERM_DERIV_IS_J0 failed cold, as it did warm; the 21 bindings before it re-ran (21 matched their quotations, 0 type-checked only); 0 new axioms, as recorded	
